input_file,algorithm,cost,execution_time
Entrada 10.txt,kruskal,20,0.7056829929351807
Entrada 10.txt,kruskal,20,0.6986186504364014
Entrada 10.txt,kruskal,20,0.7052285671234131
Entrada 10.txt,kruskal,20,0.7125535011291504
Entrada 10.txt,kruskal,20,0.7653388977050781
Entrada 10.txt,kruskal,20,0.7001979351043701
Entrada 10.txt,kruskal,20,0.6931960582733154
Entrada 10.txt,kruskal,20,0.7013211250305176
Entrada 10.txt,kruskal,20,0.7060678005218506
Entrada 10.txt,kruskal,20,0.6983482837677002
Entrada 10.txt,kruskal,20,0.6945178508758545
Entrada 10.txt,kruskal,20,0.7225310802459717
Entrada 10.txt,kruskal,20,0.7042632102966309
Entrada 10.txt,kruskal,20,0.7092502117156982
Entrada 10.txt,kruskal,20,0.7003147602081299
Entrada 10.txt,kruskal,20,0.6970775127410889
Entrada 10.txt,kruskal,20,0.7057886123657227
Entrada 10.txt,kruskal,20,0.7084333896636963
Entrada 10.txt,kruskal,20,0.709458589553833
Entrada 10.txt,kruskal,20,0.7133908271789551
Entrada 10.txt,kruskal,20,0.700308084487915
Entrada 10.txt,kruskal,20,0.7254750728607178
Entrada 10.txt,kruskal,20,0.7237763404846191
Entrada 10.txt,kruskal,20,0.7005743980407715
Entrada 10.txt,kruskal,20,0.716968297958374
Entrada 10.txt,kruskal,20,0.6961021423339844
Entrada 10.txt,kruskal,20,0.7046129703521729
Entrada 10.txt,kruskal,20,0.6956353187561035
Entrada 10.txt,kruskal,20,0.7258684635162354
Entrada 10.txt,kruskal,20,0.7080099582672119
Entrada 10.txt,prim,20,0.7060613632202148
Entrada 10.txt,prim,20,0.7035007476806641
Entrada 10.txt,prim,20,0.7021360397338867
Entrada 10.txt,prim,20,0.7118754386901855
Entrada 10.txt,prim,20,0.7007153034210205
Entrada 10.txt,prim,20,0.7069950103759766
Entrada 10.txt,prim,20,0.7085230350494385
Entrada 10.txt,prim,20,0.7221956253051758
Entrada 10.txt,prim,20,0.7033889293670654
Entrada 10.txt,prim,20,0.7009963989257812
Entrada 10.txt,prim,20,0.708798885345459
Entrada 10.txt,prim,20,0.6984536647796631
Entrada 10.txt,prim,20,0.7143383026123047
Entrada 10.txt,prim,20,0.7097744941711426
Entrada 10.txt,prim,20,0.7099518775939941
Entrada 10.txt,prim,20,0.7104554176330566
Entrada 10.txt,prim,20,0.710761547088623
Entrada 10.txt,prim,20,0.701035737991333
Entrada 10.txt,prim,20,0.6973121166229248
Entrada 10.txt,prim,20,0.7031996250152588
Entrada 10.txt,prim,20,0.6931955814361572
Entrada 10.txt,prim,20,0.7005796432495117
Entrada 10.txt,prim,20,0.7080936431884766
Entrada 10.txt,prim,20,0.70302414894104
Entrada 10.txt,prim,20,0.7013638019561768
Entrada 10.txt,prim,20,0.7014243602752686
Entrada 10.txt,prim,20,0.7030792236328125
Entrada 10.txt,prim,20,0.7213969230651855
Entrada 10.txt,prim,20,0.7036900520324707
Entrada 10.txt,prim,20,0.6934292316436768
Entrada 200.txt,kruskal,474,0.7340261936187744
Entrada 200.txt,kruskal,474,0.7339656352996826
Entrada 200.txt,kruskal,474,0.7483360767364502
Entrada 200.txt,kruskal,474,0.7375977039337158
Entrada 200.txt,kruskal,474,0.730999231338501
Entrada 200.txt,kruskal,474,0.8647158145904541
Entrada 200.txt,kruskal,474,0.7489888668060303
Entrada 200.txt,kruskal,474,0.9778287410736084
Entrada 200.txt,kruskal,474,0.886406421661377
Entrada 200.txt,kruskal,474,0.8135881423950195
Entrada 200.txt,kruskal,474,0.7920379638671875
Entrada 200.txt,kruskal,474,0.7568392753601074
Entrada 200.txt,kruskal,474,0.7291007041931152
Entrada 200.txt,kruskal,474,0.7938826084136963
Entrada 200.txt,kruskal,474,0.8057525157928467
Entrada 200.txt,kruskal,474,0.9689750671386719
Entrada 200.txt,kruskal,474,1.2306811809539795
Entrada 200.txt,kruskal,474,1.0164003372192383
Entrada 200.txt,kruskal,474,0.9955241680145264
Entrada 200.txt,kruskal,474,0.8377015590667725
Entrada 200.txt,kruskal,474,0.8271827697753906
Entrada 200.txt,kruskal,474,0.7825491428375244
Entrada 200.txt,kruskal,474,0.7515072822570801
Entrada 200.txt,kruskal,474,0.7591326236724854
Entrada 200.txt,kruskal,474,0.8163762092590332
Entrada 200.txt,kruskal,474,0.7803363800048828
Entrada 200.txt,kruskal,474,0.8366456031799316
Entrada 200.txt,kruskal,474,0.7805204391479492
Entrada 200.txt,kruskal,474,0.7899584770202637
Entrada 200.txt,kruskal,474,0.7888317108154297
Entrada 200.txt,prim,474,0.7944464683532715
Entrada 200.txt,prim,474,0.7851855754852295
Entrada 200.txt,prim,474,0.7944140434265137
Entrada 200.txt,prim,474,0.7661833763122559
Entrada 200.txt,prim,474,0.798137903213501
Entrada 200.txt,prim,474,0.7696216106414795
Entrada 200.txt,prim,474,0.7510039806365967
Entrada 200.txt,prim,474,0.7551932334899902
Entrada 200.txt,prim,474,0.7495641708374023
Entrada 200.txt,prim,474,0.7618684768676758
Entrada 200.txt,prim,474,0.7584912776947021
Entrada 200.txt,prim,474,0.7661256790161133
Entrada 200.txt,prim,474,0.7579121589660645
Entrada 200.txt,prim,474,0.7527222633361816
Entrada 200.txt,prim,474,0.7608895301818848
Entrada 200.txt,prim,474,0.7420997619628906
Entrada 200.txt,prim,474,0.7596385478973389
Entrada 200.txt,prim,474,0.74753737449646
Entrada 200.txt,prim,474,0.7624876499176025
Entrada 200.txt,prim,474,0.7447645664215088
Entrada 200.txt,prim,474,0.7606408596038818
Entrada 200.txt,prim,474,0.7727382183074951
Entrada 200.txt,prim,474,0.8311312198638916
Entrada 200.txt,prim,474,0.7788655757904053
Entrada 200.txt,prim,474,0.7636065483093262
Entrada 200.txt,prim,474,0.7690186500549316
Entrada 200.txt,prim,474,0.7855572700500488
Entrada 200.txt,prim,474,0.768458366394043
Entrada 200.txt,prim,474,0.7655971050262451
Entrada 200.txt,prim,474,0.7718188762664795
Entrada 400.txt,kruskal,910,0.8818895816802979
Entrada 400.txt,kruskal,910,0.8708517551422119
Entrada 400.txt,kruskal,910,0.8623859882354736
Entrada 400.txt,kruskal,910,0.8794026374816895
Entrada 400.txt,kruskal,910,0.9049601554870605
Entrada 400.txt,kruskal,910,0.870633602142334
Entrada 400.txt,kruskal,910,0.8686246871948242
Entrada 400.txt,kruskal,910,0.8857614994049072
Entrada 400.txt,kruskal,910,0.8786132335662842
Entrada 400.txt,kruskal,910,0.8975532054901123
Entrada 400.txt,kruskal,910,0.8893389701843262
Entrada 400.txt,kruskal,910,0.877091646194458
Entrada 400.txt,kruskal,910,0.8786022663116455
Entrada 400.txt,kruskal,910,0.8759739398956299
Entrada 400.txt,kruskal,910,0.8942577838897705
Entrada 400.txt,kruskal,910,0.8675777912139893
Entrada 400.txt,kruskal,910,0.886157751083374
Entrada 400.txt,kruskal,910,0.8903348445892334
Entrada 400.txt,kruskal,910,0.8583714962005615
Entrada 400.txt,kruskal,910,0.8795549869537354
Entrada 400.txt,kruskal,910,0.876000165939331
Entrada 400.txt,kruskal,910,0.8678314685821533
Entrada 400.txt,kruskal,910,0.8764948844909668
Entrada 400.txt,kruskal,910,0.8667526245117188
Entrada 400.txt,kruskal,910,0.8555009365081787
Entrada 400.txt,kruskal,910,0.8653614521026611
Entrada 400.txt,kruskal,910,0.872931957244873
Entrada 400.txt,kruskal,910,0.862619161605835
Entrada 400.txt,kruskal,910,0.8627991676330566
Entrada 400.txt,kruskal,910,0.8897833824157715
Entrada 400.txt,prim,910,0.8957586288452148
Entrada 400.txt,prim,910,0.8896307945251465
Entrada 400.txt,prim,910,0.8897180557250977
Entrada 400.txt,prim,910,0.8775765895843506
Entrada 400.txt,prim,910,0.8805127143859863
Entrada 400.txt,prim,910,0.909404993057251
Entrada 400.txt,prim,910,0.8846268653869629
Entrada 400.txt,prim,910,0.8768203258514404
Entrada 400.txt,prim,910,0.8811039924621582
Entrada 400.txt,prim,910,0.8742382526397705
Entrada 400.txt,prim,910,0.8789463043212891
Entrada 400.txt,prim,910,0.8718910217285156
Entrada 400.txt,prim,910,0.8713850975036621
Entrada 400.txt,prim,910,0.8740365505218506
Entrada 400.txt,prim,910,0.8714613914489746
Entrada 400.txt,prim,910,0.8910722732543945
Entrada 400.txt,prim,910,0.8748157024383545
Entrada 400.txt,prim,910,0.9752929210662842
Entrada 400.txt,prim,910,0.9168250560760498
Entrada 400.txt,prim,910,0.8940997123718262
Entrada 400.txt,prim,910,0.8747072219848633
Entrada 400.txt,prim,910,0.8757927417755127
Entrada 400.txt,prim,910,0.9010462760925293
Entrada 400.txt,prim,910,0.9059557914733887
Entrada 400.txt,prim,910,0.8761441707611084
Entrada 400.txt,prim,910,0.8787457942962646
Entrada 400.txt,prim,910,0.8816585540771484
Entrada 400.txt,prim,910,0.8738217353820801
Entrada 400.txt,prim,910,0.8748066425323486
Entrada 400.txt,prim,910,0.8929705619812012
Entrada 1500.txt,kruskal,3392,3.1374704837799072
Entrada 1500.txt,kruskal,3392,2.9392566680908203
Entrada 1500.txt,kruskal,3392,2.888442277908325
Entrada 1500.txt,kruskal,3392,2.924098491668701
Entrada 1500.txt,kruskal,3392,2.9357259273529053
Entrada 1500.txt,kruskal,3392,2.8713808059692383
Entrada 1500.txt,kruskal,3392,2.8707544803619385
Entrada 1500.txt,kruskal,3392,2.8555595874786377
Entrada 1500.txt,kruskal,3392,3.0048725605010986
Entrada 1500.txt,kruskal,3392,3.1689112186431885
Entrada 1500.txt,kruskal,3392,3.175442695617676
Entrada 1500.txt,kruskal,3392,3.2426164150238037
Entrada 1500.txt,kruskal,3392,2.992980718612671
Entrada 1500.txt,kruskal,3392,3.034118175506592
Entrada 1500.txt,kruskal,3392,2.8139164447784424
Entrada 1500.txt,kruskal,3392,3.005922317504883
Entrada 1500.txt,kruskal,3392,2.9005136489868164
Entrada 1500.txt,kruskal,3392,2.925769090652466
Entrada 1500.txt,kruskal,3392,2.886080503463745
Entrada 1500.txt,kruskal,3392,2.9026200771331787
Entrada 1500.txt,kruskal,3392,2.893734931945801
Entrada 1500.txt,kruskal,3392,2.901333808898926
Entrada 1500.txt,kruskal,3392,2.8392245769500732
Entrada 1500.txt,kruskal,3392,2.8807990550994873
Entrada 1500.txt,kruskal,3392,2.9194436073303223
Entrada 1500.txt,kruskal,3392,2.8505403995513916
Entrada 1500.txt,kruskal,3392,2.8643999099731445
Entrada 1500.txt,kruskal,3392,2.960676431655884
Entrada 1500.txt,kruskal,3392,2.9083118438720703
Entrada 1500.txt,kruskal,3392,2.9612784385681152
Entrada 1500.txt,prim,3392,4.735534906387329
Entrada 1500.txt,prim,3392,4.851248502731323
Entrada 1500.txt,prim,3392,4.6716835498809814
Entrada 1500.txt,prim,3392,4.946840286254883
Entrada 1500.txt,prim,3392,4.869097709655762
Entrada 1500.txt,prim,3392,4.9269630908966064
Entrada 1500.txt,prim,3392,4.720837593078613
Entrada 1500.txt,prim,3392,4.645463705062866
Entrada 1500.txt,prim,3392,5.099303960800171
Entrada 1500.txt,prim,3392,4.692631721496582
Entrada 1500.txt,prim,3392,4.767746686935425
Entrada 1500.txt,prim,3392,4.697323322296143
Entrada 1500.txt,prim,3392,4.786082029342651
Entrada 1500.txt,prim,3392,4.821555852890015
Entrada 1500.txt,prim,3392,4.840111017227173
Entrada 1500.txt,prim,3392,4.7546446323394775
Entrada 1500.txt,prim,3392,4.71575403213501
Entrada 1500.txt,prim,3392,4.738528251647949
Entrada 1500.txt,prim,3392,4.703286647796631
Entrada 1500.txt,prim,3392,4.746846675872803
Entrada 1500.txt,prim,3392,4.6843297481536865
Entrada 1500.txt,prim,3392,5.249246120452881
Entrada 1500.txt,prim,3392,6.877784252166748
Entrada 1500.txt,prim,3392,7.361656904220581
Entrada 1500.txt,prim,3392,6.874743223190308
Entrada 1500.txt,prim,3392,5.2423155307769775
Entrada 1500.txt,prim,3392,5.868661880493164
Entrada 1500.txt,prim,3392,5.041520118713379
Entrada 1500.txt,prim,3392,4.833778142929077
Entrada 1500.txt,prim,3392,5.2925801277160645
Entrada 100.txt,kruskal,202,0.8275868892669678
Entrada 100.txt,kruskal,202,0.7323291301727295
Entrada 100.txt,kruskal,202,0.943371057510376
Entrada 100.txt,kruskal,202,0.8015215396881104
Entrada 100.txt,kruskal,202,0.7982871532440186
Entrada 100.txt,kruskal,202,0.7628173828125
Entrada 100.txt,kruskal,202,0.7544529438018799
Entrada 100.txt,kruskal,202,0.7181744575500488
Entrada 100.txt,kruskal,202,0.7198262214660645
Entrada 100.txt,kruskal,202,0.820854902267456
Entrada 100.txt,kruskal,202,0.7118339538574219
Entrada 100.txt,kruskal,202,0.7183482646942139
Entrada 100.txt,kruskal,202,0.7325162887573242
Entrada 100.txt,kruskal,202,0.74800705909729
Entrada 100.txt,kruskal,202,0.7246830463409424
Entrada 100.txt,kruskal,202,0.706580638885498
Entrada 100.txt,kruskal,202,0.7139542102813721
Entrada 100.txt,kruskal,202,0.7042880058288574
Entrada 100.txt,kruskal,202,0.7427821159362793
Entrada 100.txt,kruskal,202,0.7060556411743164
Entrada 100.txt,kruskal,202,0.7845900058746338
Entrada 100.txt,kruskal,202,0.7452082633972168
Entrada 100.txt,kruskal,202,0.7219893932342529
Entrada 100.txt,kruskal,202,0.7584841251373291
Entrada 100.txt,kruskal,202,0.7301909923553467
Entrada 100.txt,kruskal,202,0.7123720645904541
Entrada 100.txt,kruskal,202,0.7286760807037354
Entrada 100.txt,kruskal,202,0.7131936550140381
Entrada 100.txt,kruskal,202,0.7527265548706055
Entrada 100.txt,kruskal,202,0.7414093017578125
Entrada 100.txt,prim,202,0.7668373584747314
Entrada 100.txt,prim,202,0.7185375690460205
Entrada 100.txt,prim,202,0.7113983631134033
Entrada 100.txt,prim,202,0.8317849636077881
Entrada 100.txt,prim,202,0.7171609401702881
Entrada 100.txt,prim,202,0.7186212539672852
Entrada 100.txt,prim,202,0.7055788040161133
Entrada 100.txt,prim,202,0.7206056118011475
Entrada 100.txt,prim,202,0.7191638946533203
Entrada 100.txt,prim,202,0.7208445072174072
Entrada 100.txt,prim,202,0.7255759239196777
Entrada 100.txt,prim,202,0.7186610698699951
Entrada 100.txt,prim,202,0.7768712043762207
Entrada 100.txt,prim,202,0.7371630668640137
Entrada 100.txt,prim,202,0.7266390323638916
Entrada 100.txt,prim,202,0.7190065383911133
Entrada 100.txt,prim,202,0.7174761295318604
Entrada 100.txt,prim,202,0.862849235534668
Entrada 100.txt,prim,202,0.8137938976287842
Entrada 100.txt,prim,202,0.7158181667327881
Entrada 100.txt,prim,202,0.7099881172180176
Entrada 100.txt,prim,202,0.7106661796569824
Entrada 100.txt,prim,202,0.7286579608917236
Entrada 100.txt,prim,202,0.7203891277313232
Entrada 100.txt,prim,202,0.7131955623626709
Entrada 100.txt,prim,202,0.7251365184783936
Entrada 100.txt,prim,202,0.7121620178222656
Entrada 100.txt,prim,202,0.7512197494506836
Entrada 100.txt,prim,202,0.8271079063415527
Entrada 100.txt,prim,202,0.7443163394927979
Entrada 300.txt,kruskal,705,0.9642791748046875
Entrada 300.txt,kruskal,705,0.930065393447876
Entrada 300.txt,kruskal,705,0.8307900428771973
Entrada 300.txt,kruskal,705,0.9506371021270752
Entrada 300.txt,kruskal,705,0.9671435356140137
Entrada 300.txt,kruskal,705,0.9360024929046631
Entrada 300.txt,kruskal,705,0.8726165294647217
Entrada 300.txt,kruskal,705,0.84305739402771
Entrada 300.txt,kruskal,705,0.8545010089874268
Entrada 300.txt,kruskal,705,0.8214349746704102
Entrada 300.txt,kruskal,705,0.8270173072814941
Entrada 300.txt,kruskal,705,0.8229367733001709
Entrada 300.txt,kruskal,705,0.8143749237060547
Entrada 300.txt,kruskal,705,0.8243024349212646
Entrada 300.txt,kruskal,705,0.8111634254455566
Entrada 300.txt,kruskal,705,0.8071372509002686
Entrada 300.txt,kruskal,705,0.8095395565032959
Entrada 300.txt,kruskal,705,0.8054397106170654
Entrada 300.txt,kruskal,705,0.8169114589691162
Entrada 300.txt,kruskal,705,0.8207988739013672
Entrada 300.txt,kruskal,705,0.8005409240722656
Entrada 300.txt,kruskal,705,0.8061478137969971
Entrada 300.txt,kruskal,705,0.8022515773773193
Entrada 300.txt,kruskal,705,0.810004711151123
Entrada 300.txt,kruskal,705,0.8069424629211426
Entrada 300.txt,kruskal,705,0.8142127990722656
Entrada 300.txt,kruskal,705,0.8135735988616943
Entrada 300.txt,kruskal,705,0.8101119995117188
Entrada 300.txt,kruskal,705,0.8054697513580322
Entrada 300.txt,kruskal,705,0.821418046951294
Entrada 300.txt,prim,705,0.8107903003692627
Entrada 300.txt,prim,705,0.8222417831420898
Entrada 300.txt,prim,705,0.8145925998687744
Entrada 300.txt,prim,705,0.8052763938903809
Entrada 300.txt,prim,705,0.795323371887207
Entrada 300.txt,prim,705,0.7967560291290283
Entrada 300.txt,prim,705,0.8221454620361328
Entrada 300.txt,prim,705,0.8659052848815918
Entrada 300.txt,prim,705,0.7930200099945068
Entrada 300.txt,prim,705,0.8494985103607178
Entrada 300.txt,prim,705,0.8476877212524414
Entrada 300.txt,prim,705,0.8384921550750732
Entrada 300.txt,prim,705,0.8130378723144531
Entrada 300.txt,prim,705,0.8297271728515625
Entrada 300.txt,prim,705,0.8011171817779541
Entrada 300.txt,prim,705,0.8038856983184814
Entrada 300.txt,prim,705,0.8010427951812744
Entrada 300.txt,prim,705,0.8129651546478271
Entrada 300.txt,prim,705,0.8074686527252197
Entrada 300.txt,prim,705,0.8259937763214111
Entrada 300.txt,prim,705,0.8306217193603516
Entrada 300.txt,prim,705,0.7991197109222412
Entrada 300.txt,prim,705,0.8239784240722656
Entrada 300.txt,prim,705,0.8038854598999023
Entrada 300.txt,prim,705,0.8060641288757324
Entrada 300.txt,prim,705,0.8206057548522949
Entrada 300.txt,prim,705,0.8188662528991699
Entrada 300.txt,prim,705,0.7984240055084229
Entrada 300.txt,prim,705,0.812964916229248
Entrada 300.txt,prim,705,0.8161141872406006
Entrada 500.txt,kruskal,1122,0.9701337814331055
Entrada 500.txt,kruskal,1122,0.9542360305786133
Entrada 500.txt,kruskal,1122,0.969322919845581
Entrada 500.txt,kruskal,1122,0.9500370025634766
Entrada 500.txt,kruskal,1122,0.9638895988464355
Entrada 500.txt,kruskal,1122,0.9665257930755615
Entrada 500.txt,kruskal,1122,0.9711987972259521
Entrada 500.txt,kruskal,1122,0.9503879547119141
Entrada 500.txt,kruskal,1122,0.9813463687896729
Entrada 500.txt,kruskal,1122,0.9795496463775635
Entrada 500.txt,kruskal,1122,0.956477165222168
Entrada 500.txt,kruskal,1122,0.9516091346740723
Entrada 500.txt,kruskal,1122,0.961566686630249
Entrada 500.txt,kruskal,1122,0.9547533988952637
Entrada 500.txt,kruskal,1122,0.9636960029602051
Entrada 500.txt,kruskal,1122,0.9813399314880371
Entrada 500.txt,kruskal,1122,0.9607357978820801
Entrada 500.txt,kruskal,1122,0.9612915515899658
Entrada 500.txt,kruskal,1122,0.9509100914001465
Entrada 500.txt,kruskal,1122,0.9732952117919922
Entrada 500.txt,kruskal,1122,0.9615957736968994
Entrada 500.txt,kruskal,1122,0.9411194324493408
Entrada 500.txt,kruskal,1122,0.9616498947143555
Entrada 500.txt,kruskal,1122,0.9639382362365723
Entrada 500.txt,kruskal,1122,0.9778091907501221
Entrada 500.txt,kruskal,1122,0.9691426753997803
Entrada 500.txt,kruskal,1122,1.007336139678955
Entrada 500.txt,kruskal,1122,0.9521143436431885
Entrada 500.txt,kruskal,1122,0.9762468338012695
Entrada 500.txt,kruskal,1122,0.9498293399810791
Entrada 500.txt,prim,1122,1.0039587020874023
Entrada 500.txt,prim,1122,1.0156335830688477
Entrada 500.txt,prim,1122,1.01084303855896
Entrada 500.txt,prim,1122,0.9992916584014893
Entrada 500.txt,prim,1122,1.0043237209320068
Entrada 500.txt,prim,1122,1.0127742290496826
Entrada 500.txt,prim,1122,1.0030324459075928
Entrada 500.txt,prim,1122,1.0164356231689453
Entrada 500.txt,prim,1122,1.003685712814331
Entrada 500.txt,prim,1122,1.011770486831665
Entrada 500.txt,prim,1122,1.0059514045715332
Entrada 500.txt,prim,1122,1.0410468578338623
Entrada 500.txt,prim,1122,1.0184893608093262
Entrada 500.txt,prim,1122,1.0082664489746094
Entrada 500.txt,prim,1122,1.0107131004333496
Entrada 500.txt,prim,1122,1.0090537071228027
Entrada 500.txt,prim,1122,1.0085160732269287
Entrada 500.txt,prim,1122,1.0217363834381104
Entrada 500.txt,prim,1122,1.035750150680542
Entrada 500.txt,prim,1122,1.0146629810333252
Entrada 500.txt,prim,1122,1.0282483100891113
Entrada 500.txt,prim,1122,1.0111777782440186
Entrada 500.txt,prim,1122,0.9938650131225586
Entrada 500.txt,prim,1122,1.0122997760772705
Entrada 500.txt,prim,1122,1.0070958137512207
Entrada 500.txt,prim,1122,1.0243651866912842
Entrada 500.txt,prim,1122,1.001448154449463
Entrada 500.txt,prim,1122,1.0487165451049805
Entrada 500.txt,prim,1122,1.0182218551635742
Entrada 500.txt,prim,1122,0.9944443702697754
Entrada 50.txt,kruskal,131,0.7093451023101807
Entrada 50.txt,kruskal,131,0.7207648754119873
Entrada 50.txt,kruskal,131,0.7176165580749512
Entrada 50.txt,kruskal,131,0.7150061130523682
Entrada 50.txt,kruskal,131,0.7099082469940186
Entrada 50.txt,kruskal,131,0.7005810737609863
Entrada 50.txt,kruskal,131,0.7056183815002441
Entrada 50.txt,kruskal,131,0.7154312133789062
Entrada 50.txt,kruskal,131,0.7035355567932129
Entrada 50.txt,kruskal,131,0.7033343315124512
Entrada 50.txt,kruskal,131,0.717811107635498
Entrada 50.txt,kruskal,131,0.7545807361602783
Entrada 50.txt,kruskal,131,0.7018489837646484
Entrada 50.txt,kruskal,131,0.7047481536865234
Entrada 50.txt,kruskal,131,0.7070176601409912
Entrada 50.txt,kruskal,131,0.7206499576568604
Entrada 50.txt,kruskal,131,0.7179555892944336
Entrada 50.txt,kruskal,131,0.7283051013946533
Entrada 50.txt,kruskal,131,0.7072813510894775
Entrada 50.txt,kruskal,131,0.7214963436126709
Entrada 50.txt,kruskal,131,0.7034063339233398
Entrada 50.txt,kruskal,131,0.7140913009643555
Entrada 50.txt,kruskal,131,0.7039246559143066
Entrada 50.txt,kruskal,131,0.7185864448547363
Entrada 50.txt,kruskal,131,0.7134590148925781
Entrada 50.txt,kruskal,131,0.7113001346588135
Entrada 50.txt,kruskal,131,0.7066118717193604
Entrada 50.txt,kruskal,131,0.695580244064331
Entrada 50.txt,kruskal,131,0.7167332172393799
Entrada 50.txt,kruskal,131,0.7060256004333496
Entrada 50.txt,prim,131,0.7116048336029053
Entrada 50.txt,prim,131,0.7080535888671875
Entrada 50.txt,prim,131,0.7092936038970947
Entrada 50.txt,prim,131,0.742419958114624
Entrada 50.txt,prim,131,0.6985523700714111
Entrada 50.txt,prim,131,0.8310413360595703
Entrada 50.txt,prim,131,0.7140345573425293
Entrada 50.txt,prim,131,0.7016682624816895
Entrada 50.txt,prim,131,0.7391452789306641
Entrada 50.txt,prim,131,0.7059440612792969
Entrada 50.txt,prim,131,0.7205288410186768
Entrada 50.txt,prim,131,0.7216763496398926
Entrada 50.txt,prim,131,0.7179727554321289
Entrada 50.txt,prim,131,0.7180767059326172
Entrada 50.txt,prim,131,0.7338237762451172
Entrada 50.txt,prim,131,0.7930240631103516
Entrada 50.txt,prim,131,0.7092759609222412
Entrada 50.txt,prim,131,0.7166049480438232
Entrada 50.txt,prim,131,0.7040505409240723
Entrada 50.txt,prim,131,0.7121312618255615
Entrada 50.txt,prim,131,0.7190041542053223
Entrada 50.txt,prim,131,0.7374374866485596
Entrada 50.txt,prim,131,0.7053689956665039
Entrada 50.txt,prim,131,0.7125594615936279
Entrada 50.txt,prim,131,0.7166402339935303
Entrada 50.txt,prim,131,0.7171599864959717
Entrada 50.txt,prim,131,0.7012488842010498
Entrada 50.txt,prim,131,0.7025966644287109
Entrada 50.txt,prim,131,0.7170250415802002
Entrada 50.txt,prim,131,0.713834285736084
Entrada 1000.txt,kruskal,2185,1.739147424697876
Entrada 1000.txt,kruskal,2185,1.6426091194152832
Entrada 1000.txt,kruskal,2185,1.6414885520935059
Entrada 1000.txt,kruskal,2185,1.648900032043457
Entrada 1000.txt,kruskal,2185,1.7105414867401123
Entrada 1000.txt,kruskal,2185,1.6845834255218506
Entrada 1000.txt,kruskal,2185,1.6952698230743408
Entrada 1000.txt,kruskal,2185,1.6820564270019531
Entrada 1000.txt,kruskal,2185,1.7156727313995361
Entrada 1000.txt,kruskal,2185,1.6973445415496826
Entrada 1000.txt,kruskal,2185,1.6763553619384766
Entrada 1000.txt,kruskal,2185,1.7312569618225098
Entrada 1000.txt,kruskal,2185,1.699411153793335
Entrada 1000.txt,kruskal,2185,1.671079158782959
Entrada 1000.txt,kruskal,2185,1.6876094341278076
Entrada 1000.txt,kruskal,2185,1.7008323669433594
Entrada 1000.txt,kruskal,2185,1.6629447937011719
Entrada 1000.txt,kruskal,2185,1.671823501586914
Entrada 1000.txt,kruskal,2185,1.7042829990386963
Entrada 1000.txt,kruskal,2185,1.650193452835083
Entrada 1000.txt,kruskal,2185,1.6789062023162842
Entrada 1000.txt,kruskal,2185,1.679079294204712
Entrada 1000.txt,kruskal,2185,1.7037818431854248
Entrada 1000.txt,kruskal,2185,1.6987755298614502
Entrada 1000.txt,kruskal,2185,1.6445600986480713
Entrada 1000.txt,kruskal,2185,1.6615610122680664
Entrada 1000.txt,kruskal,2185,1.6627793312072754
Entrada 1000.txt,kruskal,2185,1.6497802734375
Entrada 1000.txt,kruskal,2185,1.6847903728485107
Entrada 1000.txt,kruskal,2185,1.6461527347564697
Entrada 1000.txt,prim,2185,2.307206392288208
Entrada 1000.txt,prim,2185,2.3036391735076904
Entrada 1000.txt,prim,2185,2.297102212905884
Entrada 1000.txt,prim,2185,2.266247510910034
Entrada 1000.txt,prim,2185,2.2568371295928955
Entrada 1000.txt,prim,2185,2.2693309783935547
Entrada 1000.txt,prim,2185,2.281839370727539
Entrada 1000.txt,prim,2185,2.2410147190093994
Entrada 1000.txt,prim,2185,2.267824411392212
Entrada 1000.txt,prim,2185,2.2888472080230713
Entrada 1000.txt,prim,2185,2.3343048095703125
Entrada 1000.txt,prim,2185,2.2496628761291504
Entrada 1000.txt,prim,2185,2.2846858501434326
Entrada 1000.txt,prim,2185,2.2944741249084473
Entrada 1000.txt,prim,2185,2.24444317817688
Entrada 1000.txt,prim,2185,2.225529909133911
Entrada 1000.txt,prim,2185,2.283757209777832
Entrada 1000.txt,prim,2185,2.3440213203430176
Entrada 1000.txt,prim,2185,2.2931556701660156
Entrada 1000.txt,prim,2185,2.2863988876342773
Entrada 1000.txt,prim,2185,2.2592673301696777
Entrada 1000.txt,prim,2185,2.3098251819610596
Entrada 1000.txt,prim,2185,2.3305511474609375
Entrada 1000.txt,prim,2185,2.25484299659729
Entrada 1000.txt,prim,2185,2.277688503265381
Entrada 1000.txt,prim,2185,2.2968883514404297
Entrada 1000.txt,prim,2185,2.281402587890625
Entrada 1000.txt,prim,2185,2.2682712078094482
Entrada 1000.txt,prim,2185,2.289412021636963
Entrada 1000.txt,prim,2185,2.2953121662139893
Entrada 75.txt,kruskal,154,0.7534451484680176
Entrada 75.txt,kruskal,154,0.7084662914276123
Entrada 75.txt,kruskal,154,0.7064838409423828
Entrada 75.txt,kruskal,154,0.715484619140625
Entrada 75.txt,kruskal,154,0.724128007888794
Entrada 75.txt,kruskal,154,0.7074284553527832
Entrada 75.txt,kruskal,154,0.7117488384246826
Entrada 75.txt,kruskal,154,0.7071213722229004
Entrada 75.txt,kruskal,154,0.716724157333374
Entrada 75.txt,kruskal,154,0.707648515701294
Entrada 75.txt,kruskal,154,0.7010617256164551
Entrada 75.txt,kruskal,154,0.7134695053100586
Entrada 75.txt,kruskal,154,0.706824541091919
Entrada 75.txt,kruskal,154,0.731703519821167
Entrada 75.txt,kruskal,154,0.7661042213439941
Entrada 75.txt,kruskal,154,0.716362476348877
Entrada 75.txt,kruskal,154,0.7318415641784668
Entrada 75.txt,kruskal,154,0.7243344783782959
Entrada 75.txt,kruskal,154,0.7227082252502441
Entrada 75.txt,kruskal,154,0.7153551578521729
Entrada 75.txt,kruskal,154,0.7167477607727051
Entrada 75.txt,kruskal,154,0.7609610557556152
Entrada 75.txt,kruskal,154,0.7249352931976318
Entrada 75.txt,kruskal,154,0.7147707939147949
Entrada 75.txt,kruskal,154,0.7238013744354248
Entrada 75.txt,kruskal,154,0.7251701354980469
Entrada 75.txt,kruskal,154,0.7121145725250244
Entrada 75.txt,kruskal,154,0.7160434722900391
Entrada 75.txt,kruskal,154,0.716904878616333
Entrada 75.txt,kruskal,154,0.8007216453552246
Entrada 75.txt,prim,154,0.8099877834320068
Entrada 75.txt,prim,154,0.7308440208435059
Entrada 75.txt,prim,154,0.7403390407562256
Entrada 75.txt,prim,154,0.7161037921905518
Entrada 75.txt,prim,154,0.7164521217346191
Entrada 75.txt,prim,154,0.6997659206390381
Entrada 75.txt,prim,154,0.7095837593078613
Entrada 75.txt,prim,154,0.7074985504150391
Entrada 75.txt,prim,154,0.7285363674163818
Entrada 75.txt,prim,154,0.7138671875
Entrada 75.txt,prim,154,0.7242431640625
Entrada 75.txt,prim,154,0.7123813629150391
Entrada 75.txt,prim,154,0.7049767971038818
Entrada 75.txt,prim,154,0.7024455070495605
Entrada 75.txt,prim,154,0.7040929794311523
Entrada 75.txt,prim,154,0.7044248580932617
Entrada 75.txt,prim,154,0.7103030681610107
Entrada 75.txt,prim,154,0.7147765159606934
Entrada 75.txt,prim,154,0.7462277412414551
Entrada 75.txt,prim,154,0.7147252559661865
Entrada 75.txt,prim,154,0.7358729839324951
Entrada 75.txt,prim,154,0.7125520706176758
Entrada 75.txt,prim,154,0.731553316116333
Entrada 75.txt,prim,154,0.7055401802062988
Entrada 75.txt,prim,154,0.7077164649963379
Entrada 75.txt,prim,154,0.721174955368042
Entrada 75.txt,prim,154,0.7082631587982178
Entrada 75.txt,prim,154,0.7168755531311035
Entrada 75.txt,prim,154,0.7304604053497314
Entrada 75.txt,prim,154,0.7329041957855225
Entrada 650.txt,kruskal,1396,1.113116979598999
Entrada 650.txt,kruskal,1396,1.1164212226867676
Entrada 650.txt,kruskal,1396,1.101109266281128
Entrada 650.txt,kruskal,1396,1.101585865020752
Entrada 650.txt,kruskal,1396,1.132807731628418
Entrada 650.txt,kruskal,1396,1.0985536575317383
Entrada 650.txt,kruskal,1396,1.1237521171569824
Entrada 650.txt,kruskal,1396,1.1064794063568115
Entrada 650.txt,kruskal,1396,1.1378958225250244
Entrada 650.txt,kruskal,1396,1.1015446186065674
Entrada 650.txt,kruskal,1396,1.1163668632507324
Entrada 650.txt,kruskal,1396,1.1053202152252197
Entrada 650.txt,kruskal,1396,1.0989148616790771
Entrada 650.txt,kruskal,1396,1.1049582958221436
Entrada 650.txt,kruskal,1396,1.1215927600860596
Entrada 650.txt,kruskal,1396,1.1371698379516602
Entrada 650.txt,kruskal,1396,1.124610424041748
Entrada 650.txt,kruskal,1396,1.1577749252319336
Entrada 650.txt,kruskal,1396,1.135437250137329
Entrada 650.txt,kruskal,1396,1.1373248100280762
Entrada 650.txt,kruskal,1396,1.1026160717010498
Entrada 650.txt,kruskal,1396,1.1396534442901611
Entrada 650.txt,kruskal,1396,1.1079010963439941
Entrada 650.txt,kruskal,1396,1.094374418258667
Entrada 650.txt,kruskal,1396,1.1019117832183838
Entrada 650.txt,kruskal,1396,1.1212022304534912
Entrada 650.txt,kruskal,1396,1.1001229286193848
Entrada 650.txt,kruskal,1396,1.1230101585388184
Entrada 650.txt,kruskal,1396,1.1700279712677002
Entrada 650.txt,kruskal,1396,1.1160342693328857
Entrada 650.txt,prim,1396,1.252152919769287
Entrada 650.txt,prim,1396,1.3172447681427002
Entrada 650.txt,prim,1396,1.2871489524841309
Entrada 650.txt,prim,1396,1.2671899795532227
Entrada 650.txt,prim,1396,1.3546717166900635
Entrada 650.txt,prim,1396,1.3408100605010986
Entrada 650.txt,prim,1396,1.321502923965454
Entrada 650.txt,prim,1396,1.2735280990600586
Entrada 650.txt,prim,1396,1.339299201965332
Entrada 650.txt,prim,1396,1.296476125717163
Entrada 650.txt,prim,1396,1.3387794494628906
Entrada 650.txt,prim,1396,1.2833473682403564
Entrada 650.txt,prim,1396,1.2769865989685059
Entrada 650.txt,prim,1396,1.7034626007080078
Entrada 650.txt,prim,1396,1.2859179973602295
Entrada 650.txt,prim,1396,1.276017665863037
Entrada 650.txt,prim,1396,1.2755658626556396
Entrada 650.txt,prim,1396,1.2749989032745361
Entrada 650.txt,prim,1396,1.2873475551605225
Entrada 650.txt,prim,1396,1.258392572402954
Entrada 650.txt,prim,1396,1.2808148860931396
Entrada 650.txt,prim,1396,1.2752327919006348
Entrada 650.txt,prim,1396,1.2859954833984375
Entrada 650.txt,prim,1396,1.2823810577392578
Entrada 650.txt,prim,1396,1.266390323638916
Entrada 650.txt,prim,1396,1.3112802505493164
Entrada 650.txt,prim,1396,1.2892956733703613
Entrada 650.txt,prim,1396,1.27451491355896
Entrada 650.txt,prim,1396,1.316441297531128
Entrada 650.txt,prim,1396,1.3022961616516113
Entrada 150.txt,kruskal,299,0.7378435134887695
Entrada 150.txt,kruskal,299,0.7149989604949951
Entrada 150.txt,kruskal,299,0.7144930362701416
Entrada 150.txt,kruskal,299,0.7117345333099365
Entrada 150.txt,kruskal,299,0.7441112995147705
Entrada 150.txt,kruskal,299,0.7344818115234375
Entrada 150.txt,kruskal,299,0.7199101448059082
Entrada 150.txt,kruskal,299,0.7137100696563721
Entrada 150.txt,kruskal,299,0.7249710559844971
Entrada 150.txt,kruskal,299,0.7087371349334717
Entrada 150.txt,kruskal,299,0.7177023887634277
Entrada 150.txt,kruskal,299,0.7262604236602783
Entrada 150.txt,kruskal,299,0.7209770679473877
Entrada 150.txt,kruskal,299,0.7133276462554932
Entrada 150.txt,kruskal,299,0.7236390113830566
Entrada 150.txt,kruskal,299,0.7146105766296387
Entrada 150.txt,kruskal,299,0.718839168548584
Entrada 150.txt,kruskal,299,0.7190628051757812
Entrada 150.txt,kruskal,299,0.7111208438873291
Entrada 150.txt,kruskal,299,0.7374141216278076
Entrada 150.txt,kruskal,299,0.7266604900360107
Entrada 150.txt,kruskal,299,0.714137077331543
Entrada 150.txt,kruskal,299,0.7145485877990723
Entrada 150.txt,kruskal,299,0.7322933673858643
Entrada 150.txt,kruskal,299,0.7254095077514648
Entrada 150.txt,kruskal,299,0.7095859050750732
Entrada 150.txt,kruskal,299,0.7178220748901367
Entrada 150.txt,kruskal,299,0.7561016082763672
Entrada 150.txt,kruskal,299,0.7279989719390869
Entrada 150.txt,kruskal,299,0.7378418445587158
Entrada 150.txt,prim,299,0.7174439430236816
Entrada 150.txt,prim,299,0.7170121669769287
Entrada 150.txt,prim,299,0.7088837623596191
Entrada 150.txt,prim,299,0.7816221714019775
Entrada 150.txt,prim,299,0.7260029315948486
Entrada 150.txt,prim,299,0.727104902267456
Entrada 150.txt,prim,299,0.7458555698394775
Entrada 150.txt,prim,299,0.7619307041168213
Entrada 150.txt,prim,299,0.7128782272338867
Entrada 150.txt,prim,299,0.7208290100097656
Entrada 150.txt,prim,299,0.735403299331665
Entrada 150.txt,prim,299,0.7270512580871582
Entrada 150.txt,prim,299,0.7234361171722412
Entrada 150.txt,prim,299,0.740577220916748
Entrada 150.txt,prim,299,0.7172050476074219
Entrada 150.txt,prim,299,0.7143821716308594
Entrada 150.txt,prim,299,0.7144567966461182
Entrada 150.txt,prim,299,0.7423677444458008
Entrada 150.txt,prim,299,0.7217669486999512
Entrada 150.txt,prim,299,0.7239389419555664
Entrada 150.txt,prim,299,0.7316937446594238
Entrada 150.txt,prim,299,0.745664119720459
Entrada 150.txt,prim,299,0.7279565334320068
Entrada 150.txt,prim,299,0.7239847183227539
Entrada 150.txt,prim,299,0.7231664657592773
Entrada 150.txt,prim,299,0.7959275245666504
Entrada 150.txt,prim,299,0.7514090538024902
Entrada 150.txt,prim,299,0.790097713470459
Entrada 150.txt,prim,299,0.7499814033508301
Entrada 150.txt,prim,299,0.7770533561706543
Entrada 800.txt,kruskal,1740,1.3803422451019287
Entrada 800.txt,kruskal,1740,1.4905900955200195
Entrada 800.txt,kruskal,1740,1.3619022369384766
Entrada 800.txt,kruskal,1740,1.396937608718872
Entrada 800.txt,kruskal,1740,1.4002211093902588
Entrada 800.txt,kruskal,1740,1.3349237442016602
Entrada 800.txt,kruskal,1740,1.3254597187042236
Entrada 800.txt,kruskal,1740,1.4109249114990234
Entrada 800.txt,kruskal,1740,1.3286817073822021
Entrada 800.txt,kruskal,1740,1.3638880252838135
Entrada 800.txt,kruskal,1740,1.3609082698822021
Entrada 800.txt,kruskal,1740,1.356311321258545
Entrada 800.txt,kruskal,1740,1.3105604648590088
Entrada 800.txt,kruskal,1740,1.3225882053375244
Entrada 800.txt,kruskal,1740,1.3690404891967773
Entrada 800.txt,kruskal,1740,1.3198153972625732
Entrada 800.txt,kruskal,1740,1.3702805042266846
Entrada 800.txt,kruskal,1740,1.3416790962219238
Entrada 800.txt,kruskal,1740,1.349531888961792
Entrada 800.txt,kruskal,1740,1.3174748420715332
Entrada 800.txt,kruskal,1740,1.3429176807403564
Entrada 800.txt,kruskal,1740,1.3389461040496826
Entrada 800.txt,kruskal,1740,1.3605077266693115
Entrada 800.txt,kruskal,1740,1.365830898284912
Entrada 800.txt,kruskal,1740,1.3229334354400635
Entrada 800.txt,kruskal,1740,1.3379061222076416
Entrada 800.txt,kruskal,1740,1.376859188079834
Entrada 800.txt,kruskal,1740,1.3395397663116455
Entrada 800.txt,kruskal,1740,1.3339440822601318
Entrada 800.txt,kruskal,1740,1.3773455619812012
Entrada 800.txt,prim,1740,1.6490283012390137
Entrada 800.txt,prim,1740,1.6627676486968994
Entrada 800.txt,prim,1740,1.6234807968139648
Entrada 800.txt,prim,1740,1.6117510795593262
Entrada 800.txt,prim,1740,1.6820788383483887
Entrada 800.txt,prim,1740,1.7043142318725586
Entrada 800.txt,prim,1740,1.649674892425537
Entrada 800.txt,prim,1740,1.7161047458648682
Entrada 800.txt,prim,1740,1.7215092182159424
Entrada 800.txt,prim,1740,1.6779580116271973
Entrada 800.txt,prim,1740,1.699528455734253
Entrada 800.txt,prim,1740,1.6308257579803467
Entrada 800.txt,prim,1740,1.6457188129425049
Entrada 800.txt,prim,1740,1.6401941776275635
Entrada 800.txt,prim,1740,1.6508598327636719
Entrada 800.txt,prim,1740,1.6258845329284668
Entrada 800.txt,prim,1740,1.6450002193450928
Entrada 800.txt,prim,1740,1.7027945518493652
Entrada 800.txt,prim,1740,1.6558961868286133
Entrada 800.txt,prim,1740,1.6414940357208252
Entrada 800.txt,prim,1740,1.639582633972168
Entrada 800.txt,prim,1740,1.655806064605713
Entrada 800.txt,prim,1740,1.6272270679473877
Entrada 800.txt,prim,1740,1.6183218955993652
Entrada 800.txt,prim,1740,1.6336474418640137
Entrada 800.txt,prim,1740,1.613755464553833
Entrada 800.txt,prim,1740,1.6310222148895264
Entrada 800.txt,prim,1740,1.663862705230713
Entrada 800.txt,prim,1740,1.6389617919921875
Entrada 800.txt,prim,1740,1.6399486064910889
Entrada 25.txt,kruskal,62,0.7365820407867432
Entrada 25.txt,kruskal,62,0.7252187728881836
Entrada 25.txt,kruskal,62,0.7178964614868164
Entrada 25.txt,kruskal,62,0.7091095447540283
Entrada 25.txt,kruskal,62,0.7006525993347168
Entrada 25.txt,kruskal,62,0.7104218006134033
Entrada 25.txt,kruskal,62,0.7099616527557373
Entrada 25.txt,kruskal,62,0.7383420467376709
Entrada 25.txt,kruskal,62,0.7153904438018799
Entrada 25.txt,kruskal,62,0.7237553596496582
Entrada 25.txt,kruskal,62,0.7484681606292725
Entrada 25.txt,kruskal,62,0.7061405181884766
Entrada 25.txt,kruskal,62,0.7234933376312256
Entrada 25.txt,kruskal,62,0.7113180160522461
Entrada 25.txt,kruskal,62,0.7355434894561768
Entrada 25.txt,kruskal,62,0.7146499156951904
Entrada 25.txt,kruskal,62,0.7144775390625
Entrada 25.txt,kruskal,62,0.7035627365112305
Entrada 25.txt,kruskal,62,0.7282009124755859
Entrada 25.txt,kruskal,62,0.7240898609161377
Entrada 25.txt,kruskal,62,0.7069253921508789
Entrada 25.txt,kruskal,62,0.7028923034667969
Entrada 25.txt,kruskal,62,0.7127020359039307
Entrada 25.txt,kruskal,62,0.6941604614257812
Entrada 25.txt,kruskal,62,0.6978967189788818
Entrada 25.txt,kruskal,62,0.7090039253234863
Entrada 25.txt,kruskal,62,0.6980235576629639
Entrada 25.txt,kruskal,62,0.7238526344299316
Entrada 25.txt,kruskal,62,0.7139122486114502
Entrada 25.txt,kruskal,62,0.7008612155914307
Entrada 25.txt,prim,62,0.6952662467956543
Entrada 25.txt,prim,62,0.7295379638671875
Entrada 25.txt,prim,62,0.7036798000335693
Entrada 25.txt,prim,62,0.7044665813446045
Entrada 25.txt,prim,62,0.7170312404632568
Entrada 25.txt,prim,62,0.7332377433776855
Entrada 25.txt,prim,62,0.7140696048736572
Entrada 25.txt,prim,62,0.7014415264129639
Entrada 25.txt,prim,62,0.7032537460327148
Entrada 25.txt,prim,62,0.7095129489898682
Entrada 25.txt,prim,62,0.7070572376251221
Entrada 25.txt,prim,62,0.7029175758361816
Entrada 25.txt,prim,62,0.7059476375579834
Entrada 25.txt,prim,62,0.7283828258514404
Entrada 25.txt,prim,62,0.7233150005340576
Entrada 25.txt,prim,62,0.7118909358978271
Entrada 25.txt,prim,62,0.7157518863677979
Entrada 25.txt,prim,62,0.6994102001190186
Entrada 25.txt,prim,62,0.7200160026550293
Entrada 25.txt,prim,62,0.7162530422210693
Entrada 25.txt,prim,62,0.7198653221130371
Entrada 25.txt,prim,62,0.7093505859375
Entrada 25.txt,prim,62,0.7128686904907227
Entrada 25.txt,prim,62,0.732384204864502
Entrada 25.txt,prim,62,0.7246696949005127
Entrada 25.txt,prim,62,0.7330901622772217
Entrada 25.txt,prim,62,0.7177982330322266
Entrada 25.txt,prim,62,0.7121644020080566
Entrada 25.txt,prim,62,0.7117180824279785
Entrada 25.txt,prim,62,0.7028100490570068
Entrada 250.txt,kruskal,544,0.8165061473846436
Entrada 250.txt,kruskal,544,0.7639796733856201
Entrada 250.txt,kruskal,544,0.7688095569610596
Entrada 250.txt,kruskal,544,0.8094451427459717
Entrada 250.txt,kruskal,544,0.7783665657043457
Entrada 250.txt,kruskal,544,0.7963767051696777
Entrada 250.txt,kruskal,544,0.7715821266174316
Entrada 250.txt,kruskal,544,0.7881689071655273
Entrada 250.txt,kruskal,544,0.7761678695678711
Entrada 250.txt,kruskal,544,0.8033263683319092
Entrada 250.txt,kruskal,544,0.8091492652893066
Entrada 250.txt,kruskal,544,0.8866672515869141
Entrada 250.txt,kruskal,544,0.9436759948730469
Entrada 250.txt,kruskal,544,0.8855457305908203
Entrada 250.txt,kruskal,544,0.7868423461914062
Entrada 250.txt,kruskal,544,0.8588042259216309
Entrada 250.txt,kruskal,544,0.8380296230316162
Entrada 250.txt,kruskal,544,0.8651711940765381
Entrada 250.txt,kruskal,544,0.8476696014404297
Entrada 250.txt,kruskal,544,0.9565794467926025
Entrada 250.txt,kruskal,544,0.8300020694732666
Entrada 250.txt,kruskal,544,0.8476402759552002
Entrada 250.txt,kruskal,544,0.906414270401001
Entrada 250.txt,kruskal,544,0.9431126117706299
Entrada 250.txt,kruskal,544,0.983457088470459
Entrada 250.txt,kruskal,544,0.8306019306182861
Entrada 250.txt,kruskal,544,0.8751282691955566
Entrada 250.txt,kruskal,544,0.8352229595184326
Entrada 250.txt,kruskal,544,0.8594226837158203
Entrada 250.txt,kruskal,544,0.8721375465393066
Entrada 250.txt,prim,544,1.0019195079803467
Entrada 250.txt,prim,544,0.8271846771240234
Entrada 250.txt,prim,544,0.806483268737793
Entrada 250.txt,prim,544,0.8133835792541504
Entrada 250.txt,prim,544,0.8241519927978516
Entrada 250.txt,prim,544,0.7753663063049316
Entrada 250.txt,prim,544,0.7950606346130371
Entrada 250.txt,prim,544,0.7799787521362305
Entrada 250.txt,prim,544,0.7805116176605225
Entrada 250.txt,prim,544,0.7785708904266357
Entrada 250.txt,prim,544,0.7918047904968262
Entrada 250.txt,prim,544,0.7699778079986572
Entrada 250.txt,prim,544,0.7641651630401611
Entrada 250.txt,prim,544,0.7730381488800049
Entrada 250.txt,prim,544,0.8093645572662354
Entrada 250.txt,prim,544,0.7813589572906494
Entrada 250.txt,prim,544,0.788964033126831
Entrada 250.txt,prim,544,0.8432667255401611
Entrada 250.txt,prim,544,1.0194761753082275
Entrada 250.txt,prim,544,1.0463402271270752
Entrada 250.txt,prim,544,0.9352443218231201
Entrada 250.txt,prim,544,0.8506870269775391
Entrada 250.txt,prim,544,0.8162193298339844
Entrada 250.txt,prim,544,0.7941241264343262
Entrada 250.txt,prim,544,0.7869327068328857
Entrada 250.txt,prim,544,0.808809757232666
Entrada 250.txt,prim,544,0.8387491703033447
Entrada 250.txt,prim,544,0.8651883602142334
Entrada 250.txt,prim,544,0.8075301647186279
Entrada 250.txt,prim,544,0.7985272407531738
